settlement_date,is_post_t1,regime_base_mult,total_fail_records,tickers_with_fails,counterparties_with_fails,total_shares_failed,total_fail_value,avg_fail_rate_pct,median_fail_rate_pct,slo_breaches,threshold_securities,slo_compliance_pct,critical_fails,high_fails,rolling_7d_avg_fail_rate,rolling_7d_slo_pct,fail_rate_dod_change,ytd_fail_value,fail_rate_zscore
2024-01-02,0,1.0,22,15,8,6863583.0,409292933.21000004,1.1063136363636366,0.97555,2.0,0.0,90.91,11.0,8.0,1.1063,90.91,,409292933.21000004,0.2
2024-01-03,0,1.0,22,15,11,4080538.0,673516592.4799999,0.74865,0.60775,5.0,0.0,77.27,17.0,4.0,0.9275,84.09,-0.3577,1082809525.69,-2.16
2024-01-04,0,1.0,24,18,11,5757657.0,636365394.8200003,0.9589666666666665,0.8731,5.0,0.0,79.17,17.0,6.0,0.938,82.45,0.2103,1719174920.5100002,-0.772
2024-01-05,0,1.0,23,19,10,6338720.0,687986863.7399999,1.2708739130434785,0.8734,4.0,0.0,82.61,17.0,4.0,1.0212,82.49,0.3119,2407161784.25,1.286
2024-01-08,0,1.0,27,21,10,6667267.0,634962339.3899997,1.1466925925925924,1.0074,3.0,0.0,88.89,19.0,5.0,1.0463,83.77,-0.1242,3042124123.64,0.466
2024-01-09,0,1.0,24,16,10,7470758.0,560228320.29,1.5932333333333337,1.5676,4.0,0.0,83.33,15.0,7.0,1.1375,83.7,0.4465,3602352443.93,3.412
2024-01-10,0,1.0,29,19,11,7984152.0,855211387.5299999,0.9104275862068965,0.772,4.0,0.0,86.21,22.0,6.0,1.105,84.06,-0.6828,4457563831.46,-1.092
2024-01-11,0,1.0,29,20,10,7144324.0,912113134.1700002,1.097655172413793,1.1116,4.0,0.0,86.21,23.0,5.0,1.1038,83.38,0.1872,5369676965.63,0.143
2024-01-12,0,1.0,32,22,10,7788618.0,683021847.9699999,1.047421875,0.69835,2.0,0.0,93.75,17.0,13.0,1.1465,85.74,-0.0502,6052698813.6,-0.188
2024-01-16,0,1.0,32,22,11,8801289.0,776611399.9700003,1.2028874999999997,1.0204,1.0,0.0,96.88,20.0,7.0,1.1813,88.27,0.1555,6829310213.570001,0.837
2024-01-17,0,1.0,40,24,11,8432207.0,983661291.8699998,1.1289325,1.0453000000000001,6.0,0.0,85.0,33.0,6.0,1.161,88.61,-0.074,7812971505.440001,0.349
2024-01-18,0,1.0,26,20,9,5970163.0,691584674.07,1.0486192307692308,0.92465,3.0,0.0,88.46,20.0,4.0,1.147,88.55,-0.0803,8504556179.51,-0.181
2024-01-19,0,1.0,26,18,9,5900750.0,589473658.2800001,0.9922615384615386,0.9218500000000001,5.0,0.0,80.77,18.0,5.0,1.0612,88.18,-0.0564,9094029837.79,-0.552
2024-01-22,0,1.0,22,13,10,4457290.0,516235397.44000006,1.5189999999999997,1.3819,4.0,0.0,81.82,15.0,7.0,1.1481,87.56,0.5267,9610265235.230001,2.923
2024-01-23,0,1.0,26,17,11,7737568.0,572117435.73,1.2178923076923076,1.1776,2.0,0.0,92.31,17.0,6.0,1.1653,88.43,-0.3011,10182382670.960001,0.936
2024-01-24,0,1.0,31,21,11,8492712.0,613585815.63,1.0395516129032256,1.0179,4.0,0.0,87.1,18.0,10.0,1.1642,87.48,-0.1783,10795968486.59,-0.24
2024-01-25,0,1.0,24,16,11,5211322.0,530425445.90999997,1.0798291666666668,0.8503,2.0,0.0,91.67,14.0,8.0,1.1466,86.73,0.0403,11326393932.5,0.025
2024-01-26,0,1.0,34,24,9,10380574.0,835730130.93,0.9955029411764705,0.9093,3.0,0.0,91.18,20.0,8.0,1.1275,87.62,-0.0843,12162124063.43,-0.531
2024-01-29,0,1.0,26,18,11,7481136.0,606237743.3,1.0150038461538462,0.94545,4.0,0.0,84.62,16.0,5.0,1.1227,87.07,0.0195,12768361806.73,-0.402
2024-01-30,0,1.0,27,19,11,7191559.0,641365492.79,1.0961,0.8202,2.0,0.0,92.59,18.0,5.0,1.1376,88.76,0.0811,13409727299.52,0.133
2024-01-31,0,1.0,21,15,10,6809727.0,498873911.1199999,0.9916714285714286,0.8698,4.0,0.0,80.95,14.0,3.0,1.0622,88.63,-0.1044,13908601210.64,-0.556
2024-02-01,0,1.0,25,19,10,6505197.0,497815190.35,1.3693520000000001,1.1353,0.0,0.0,100.0,16.0,8.0,1.0839,89.73,0.3777,14406416400.99,1.935
2024-02-02,0,1.0,19,14,10,5964588.0,325022081.72999996,1.2295473684210527,0.9513,6.0,0.0,68.42,11.0,4.0,1.111,87.06,-0.1398,14731438482.72,1.013
2024-02-05,0,1.0,31,20,11,9657448.0,759125642.2500001,1.033851612903226,0.9185,2.0,0.0,93.55,20.0,8.0,1.1044,87.33,-0.1957,15490564124.97,-0.278
2024-02-06,0,1.0,18,14,8,4492103.0,354482329.51000005,0.9979166666666668,0.8117000000000001,1.0,0.0,94.44,8.0,8.0,1.1048,87.8,-0.0359,15845046454.48,-0.515
2024-02-07,0,1.0,22,18,10,6042537.0,493881906.7000001,0.9326363636363637,0.97355,4.0,0.0,81.82,14.0,5.0,1.093,87.4,-0.0653,16338928361.18,-0.946
2024-02-08,0,1.0,31,23,10,8309382.0,674744472.12,1.093909677419355,1.0234,5.0,0.0,83.87,21.0,8.0,1.0927,86.15,0.1613,17013672833.300001,0.118
2024-02-09,0,1.0,31,21,10,8195241.0,909364730.1100001,1.141867741935484,1.017,5.0,0.0,83.87,24.0,5.0,1.1142,86.57,0.048,17923037563.41,0.435
2024-02-12,0,1.0,29,21,11,8276503.0,777894596.35,0.8974379310344829,0.8738,7.0,0.0,75.86,18.0,6.0,1.0467,83.12,-0.2444,18700932159.76,-1.178
2024-02-13,0,1.0,35,23,11,8288042.0,807147846.8000002,1.0527857142857142,1.0135,4.0,0.0,88.57,23.0,11.0,1.0215,86.0,0.1553,19508080006.559998,-0.153
2024-02-14,0,1.0,33,21,9,8323249.0,769978192.9900002,1.1944484848484849,1.0206,5.0,0.0,84.85,21.0,12.0,1.0444,84.75,0.1417,20278058199.55,0.782
2024-02-15,0,1.0,28,19,10,7790659.0,567549744.6199999,1.3692000000000004,1.26885,6.0,0.0,78.57,15.0,10.0,1.0975,82.49,0.1748,20845607944.170002,1.934
2024-02-16,0,1.0,37,24,11,10102653.0,867146725.28,1.1747729729729735,1.0683,3.0,0.0,91.89,27.0,7.0,1.1321,83.93,-0.1944,21712754669.45,0.652
2024-02-20,0,1.0,26,18,10,7623787.0,538468902.2399999,1.334096153846154,1.3816000000000002,4.0,0.0,84.62,17.0,9.0,1.1664,84.03,0.1593,22251223571.690002,1.703
2024-02-21,0,1.0,23,17,10,7342039.0,493116103.15999997,1.0401695652173915,1.1381,2.0,0.0,91.3,13.0,5.0,1.1518,85.09,-0.2939,22744339674.850002,-0.236
2024-02-22,0,1.0,34,23,11,10580093.0,868790696.9000003,1.23089705882353,1.08155,1.0,0.0,97.06,22.0,7.0,1.1995,88.12,0.1907,23613130371.750004,1.022
2024-02-23,0,1.0,35,23,11,8935431.0,923590142.5200001,0.9951714285714285,0.8308,4.0,0.0,88.57,25.0,4.0,1.1913,88.12,-0.2357,24536720514.270004,-0.533
2024-02-26,0,1.0,23,15,9,6557906.0,677854168.46,0.9227130434782609,0.8487,3.0,0.0,86.96,18.0,4.0,1.1524,88.42,-0.0725,25214574682.730003,-1.011
2024-02-27,0,1.0,29,19,11,7742458.0,743920530.3,0.8436206896551728,0.7286,2.0,0.0,93.1,20.0,5.0,1.0773,90.5,-0.0791,25958495213.030003,-1.533
2024-02-28,0,1.0,36,21,11,8992918.0,653359520.8300002,1.1195694444444444,1.0579,6.0,0.0,83.33,24.0,8.0,1.0695,89.28,0.2759,26611854733.860004,0.287
2024-02-29,0,1.0,29,20,11,7418734.0,752247078.9300002,1.0980793103448274,0.9567,2.0,0.0,93.1,21.0,6.0,1.0357,90.49,-0.0215,27364101812.790005,0.146
2024-03-01,0,1.0,27,18,11,7758637.0,586528764.1600001,1.0575851851851852,0.9305,2.0,0.0,92.59,20.0,4.0,1.0382,90.67,-0.0405,27950630576.950005,-0.121
2024-03-04,0,1.0,23,16,9,6581087.0,576832815.0900002,1.070978260869565,0.9724,3.0,0.0,86.96,15.0,7.0,1.0154,89.23,0.0134,28527463392.040005,-0.033
2024-03-05,0,1.0,33,25,11,11468937.0,614128364.8799998,1.300818181818182,1.3285,5.0,0.0,84.85,18.0,9.0,1.0591,88.7,0.2298,29141591756.920006,1.483
2024-03-06,0,1.0,35,18,11,9373591.0,1043668299.9999999,1.0822885714285715,0.8564,2.0,0.0,94.29,29.0,5.0,1.0818,89.75,-0.2185,30185260056.920006,0.042
2024-03-07,0,1.0,18,14,8,6315011.0,327691939.8499999,0.9593999999999999,0.8512,3.0,0.0,83.33,10.0,6.0,1.0984,88.35,-0.1229,30512951996.770004,-0.769
2024-03-08,0,1.0,25,19,11,8010559.0,399146714.59999996,1.5112919999999996,1.2241,5.0,0.0,80.0,13.0,10.0,1.1543,87.87,0.5519,30912098711.370003,2.872
2024-03-11,0,1.0,37,26,11,8663176.0,891117644.83,0.9853216216216215,0.8491,5.0,0.0,86.49,30.0,4.0,1.1382,86.93,-0.526,31803216356.200005,-0.598
2024-03-12,0,1.0,32,23,11,10527015.0,716568085.05,1.1463156249999997,1.04,4.0,0.0,87.5,16.0,13.0,1.1509,86.2,0.161,32519784441.250004,0.464
2024-03-13,0,1.0,23,14,9,7667091.0,524671488.9000001,1.1481565217391303,1.2917,4.0,0.0,82.61,14.0,7.0,1.1619,85.58,0.0018,33044455930.150005,0.476
2024-03-14,0,1.0,25,18,9,5615226.0,768867277.24,1.022812,0.8316,1.0,0.0,96.0,19.0,4.0,1.1222,87.17,-0.1253,33813323207.390007,-0.351
2024-03-15,0,1.0,27,18,9,6558695.0,555420111.77,1.1070444444444445,0.8976,5.0,0.0,81.48,19.0,6.0,1.1258,85.34,0.0842,34368743319.16,0.205
2024-03-18,0,1.0,22,20,9,6988851.0,521984641.25,1.2797863636363636,0.89435,2.0,0.0,90.91,16.0,5.0,1.1715,86.43,0.1727,34890727960.41,1.345
2024-03-19,0,1.0,42,25,11,10812776.0,922132962.4699999,0.8872333333333335,0.71155,5.0,0.0,88.1,27.0,9.0,1.0824,87.58,-0.3926,35812860922.880005,-1.245
2024-03-20,0,1.0,27,20,11,6546217.0,453142173.3899999,0.9896666666666667,0.9914,6.0,0.0,77.78,16.0,9.0,1.083,86.34,0.1024,36266003096.270004,-0.57
2024-03-21,0,1.0,18,14,8,3575684.0,541143976.3199999,1.1510944444444446,1.1715,4.0,0.0,77.78,15.0,3.0,1.0837,84.95,0.1614,36807147072.590004,0.495
2024-03-22,0,1.0,32,21,11,8918684.0,666817094.3200002,1.0913718749999997,1.00275,5.0,0.0,84.38,21.0,6.0,1.0756,85.2,-0.0597,37473964166.91,0.101
2024-03-25,0,1.0,22,15,11,7790852.0,605788430.1200001,1.1196181818181818,1.0689,4.0,0.0,81.82,16.0,3.0,1.0894,83.18,0.0282,38079752597.03001,0.288
2024-03-26,0,1.0,22,18,8,7341137.0,332625864.32000005,1.4225454545454548,1.4255,2.0,0.0,90.91,12.0,9.0,1.1345,84.53,0.3029,38412378461.350006,2.286
2024-03-27,0,1.0,26,18,10,7678445.0,515543781.3700001,1.1065384615384617,0.94095,1.0,0.0,96.15,16.0,7.0,1.1097,85.27,-0.316,38927922242.72001,0.202
2024-03-28,0,1.0,27,19,11,6359605.0,685461792.4200003,0.857011111111111,0.6222,7.0,0.0,74.07,16.0,9.0,1.1054,83.27,-0.2495,39613384035.14001,-1.445
2024-04-01,0,1.0,19,16,10,5515626.0,454712509.30999994,1.6139578947368423,1.5939,5.0,0.0,73.68,13.0,5.0,1.1946,82.68,0.7569,40068096544.450005,3.549
2024-04-02,0,1.0,28,18,8,10663669.0,431595742.16,1.1853964285714287,0.7136,3.0,0.0,89.29,12.0,11.0,1.1995,84.33,-0.4286,40499692286.61001,0.722
2024-04-03,0,1.0,33,20,11,8790909.0,715198374.87,1.1193272727272723,0.9309,2.0,0.0,93.94,20.0,12.0,1.2035,85.69,-0.0661,41214890661.48,0.286
2024-04-04,0,1.0,20,15,9,4684073.0,535663486.3299999,1.1274000000000002,1.0124,4.0,0.0,80.0,12.0,6.0,1.2046,85.43,0.0081,41750554147.810005,0.339
2024-04-05,0,1.0,30,22,11,7223446.0,790908143.27,0.9843099999999996,0.9212,3.0,0.0,90.0,22.0,5.0,1.142,85.3,-0.1431,42541462291.08,-0.605
2024-04-08,0,1.0,32,19,10,10481834.0,682896395.3599999,1.0721906249999997,0.9128499999999999,5.0,0.0,84.38,22.0,5.0,1.1371,83.62,0.0879,43224358686.44,-0.025
2024-04-09,0,1.0,30,19,11,8711610.0,803075992.4700001,1.2113133333333337,1.1257000000000001,3.0,0.0,90.0,24.0,4.0,1.1877,85.9,0.1391,44027434678.91,0.893
2024-04-10,0,1.0,21,17,9,5970468.0,463843914.1999999,0.9817238095238093,0.9214,2.0,0.0,90.48,12.0,7.0,1.0974,88.3,-0.2296,44491278593.11,-0.622
2024-04-11,0,1.0,30,21,9,9080873.0,659882873.64,1.1721533333333332,0.9429,4.0,0.0,86.67,17.0,9.0,1.0955,87.92,0.1904,45151161466.75,0.634
2024-04-12,0,1.0,25,15,7,7059404.0,496952101.6599999,1.1435799999999998,1.1054,7.0,0.0,72.0,17.0,6.0,1.099,84.79,-0.0286,45648113568.41,0.446
2024-04-15,0,1.0,23,13,11,5805399.0,595696307.3899999,1.118891304347826,1.1604,1.0,0.0,95.65,19.0,3.0,1.0977,87.03,-0.0247,46243809875.8,0.283
2024-04-16,0,1.0,26,20,11,7008852.0,674770129.3899999,0.990553846153846,1.06215,3.0,0.0,88.46,19.0,4.0,1.0986,86.81,-0.1283,46918580005.19,-0.564
2024-04-17,0,1.0,27,19,10,7830874.0,697153780.4700001,0.9429777777777778,0.7015,6.0,0.0,77.78,21.0,4.0,1.0802,85.86,-0.0476,47615733785.66,-0.878
2024-04-18,0,1.0,20,15,10,4780100.0,383815133.55,0.81002,0.9764999999999999,3.0,0.0,85.0,13.0,5.0,1.0228,85.15,-0.133,47999548919.21001,-1.755
2024-04-19,0,1.0,20,15,10,5648624.0,350937859.99999994,1.1832100000000003,1.13285,3.0,0.0,85.0,9.0,9.0,1.0516,84.37,0.3732,48350486779.21001,0.707
2024-04-22,0,1.0,20,13,9,4372806.0,310240632.84,0.9544949999999999,0.958,4.0,0.0,80.0,11.0,5.0,1.0205,83.41,-0.2287,48660727412.05,-0.802
2024-04-23,0,1.0,29,19,11,8583358.0,557122310.38,1.3342620689655171,1.3038,4.0,0.0,86.21,19.0,7.0,1.0478,85.44,0.3798,49217849722.43,1.704
2024-04-24,0,1.0,33,20,11,9714710.0,607319613.2799999,1.1143727272727268,1.0042,7.0,0.0,78.79,19.0,11.0,1.0471,83.03,-0.2199,49825169335.71,0.253
2024-04-25,0,1.0,18,15,11,6367721.0,235372491.96,1.3281277777777778,0.9664499999999999,3.0,0.0,83.33,8.0,8.0,1.0954,82.3,0.2138,50060541827.67,1.663
2024-04-26,0,1.0,42,25,11,11146050.0,1016307135.9200001,1.0941619047619047,0.9416,8.0,0.0,80.95,28.0,10.0,1.1169,82.75,-0.234,51076848963.59,0.12
2024-04-29,0,1.0,29,18,11,9198584.0,609770659.4900002,1.2915275862068964,1.0559,2.0,0.0,93.1,22.0,7.0,1.1857,83.91,0.1974,51686619623.079994,1.422
2024-04-30,0,1.0,29,22,11,6780491.0,519932236.82,1.0065689655172414,0.9439,3.0,0.0,89.66,18.0,10.0,1.1605,84.58,-0.285,52206551859.899994,-0.458
2024-05-01,0,1.0,27,16,11,6770448.0,587047315.1700002,0.9040333333333331,0.7506,2.0,0.0,92.59,14.0,11.0,1.1533,86.38,-0.1025,52793599175.06999,-1.134
2024-05-02,0,1.0,25,15,10,7093098.0,839393955.3200003,0.979096,0.7605,3.0,0.0,88.0,17.0,8.0,1.1026,86.63,0.0751,53632993130.38999,-0.639
2024-05-03,0,1.0,28,19,10,7376573.0,650066444.17,1.1664857142857143,1.05605,3.0,0.0,89.29,19.0,6.0,1.11,88.13,0.1874,54283059574.55999,0.597
2024-05-06,0,1.0,34,24,11,9777412.0,777086324.3399999,1.1664411764705884,0.94885,5.0,0.0,85.29,23.0,10.0,1.0869,88.41,-0.0,55060145898.89999,0.597
2024-05-07,0,1.0,27,20,10,7228598.0,612300561.1399997,0.8750851851851851,0.8261,7.0,0.0,74.07,17.0,7.0,1.0556,87.43,-0.2914,55672446460.039986,-1.325
2024-05-08,0,1.0,28,18,11,8697194.0,521249778.5599999,1.3867392857142857,1.59435,4.0,0.0,85.71,15.0,13.0,1.0692,86.37,0.5117,56193696238.59998,2.05
2024-05-09,0,1.0,24,17,11,5525041.0,503331594.49,0.8925208333333332,0.7023,0.0,0.0,100.0,14.0,8.0,1.0529,87.85,-0.4942,56697027833.08998,-1.21
2024-05-10,0,1.0,31,19,11,8804714.0,747842629.5699999,1.2486129032258062,1.2216,3.0,0.0,90.32,21.0,5.0,1.1021,87.53,0.3561,57444870462.65998,1.139
2024-05-13,0,1.0,34,20,11,11441557.0,779863114.94,1.168985294117647,0.9694499999999999,4.0,0.0,88.24,24.0,7.0,1.1293,87.56,-0.0796,58224733577.59998,0.614
2024-05-14,0,1.0,22,16,9,4199186.0,697719720.77,0.8218727272727274,0.6265000000000001,6.0,0.0,72.73,18.0,4.0,1.08,85.19,-0.3471,58922453298.36998,-1.677
2024-05-15,0,1.0,29,19,11,5768335.0,819852868.24,1.1095551724137935,1.0717,4.0,0.0,86.21,24.0,3.0,1.0719,85.33,0.2877,59742306166.60998,0.221
2024-05-16,0,1.0,27,17,10,5444472.0,483497955.7100001,1.2026814814814815,0.9708,3.0,0.0,88.89,15.0,12.0,1.1187,87.44,0.0931,60225804122.31998,0.836
2024-05-17,0,1.0,27,19,10,7063954.0,761106456.6000001,0.7255629629629633,0.8386,1.0,0.0,96.3,22.0,2.0,1.0243,88.96,-0.4771,60986910578.92,-2.312
2024-05-20,0,1.0,29,21,10,8885719.0,485973157.74000007,1.2355517241379312,0.9933,4.0,0.0,86.21,15.0,10.0,1.0733,86.99,0.51,61472883736.659996,1.053
2024-05-21,0,1.0,30,20,11,8312977.0,517877336.4899998,1.2012433333333337,1.0318,3.0,0.0,90.0,16.0,10.0,1.0665,86.94,-0.0343,61990761073.149994,0.826
2024-05-22,0,1.0,19,14,10,4468310.0,413536154.86,1.2222842105263156,0.8612,2.0,0.0,89.47,13.0,6.0,1.0741,87.12,0.021,62404297228.009995,0.965
2024-05-23,0,1.0,21,17,11,6844176.0,559260811.9200001,1.288490476190476,0.9084,5.0,0.0,76.19,14.0,6.0,1.1408,87.61,0.0662,62963558039.92999,1.402
2024-05-24,0,1.0,22,18,11,6958720.0,606731199.59,1.177231818181818,1.2595999999999998,4.0,0.0,81.82,15.0,5.0,1.1504,86.98,-0.1113,63570289239.51999,0.668
2024-05-28,1,0.95,33,21,11,11986370.0,640268309.39,1.1223939393939395,1.067,1.0,0.0,96.97,19.0,7.0,1.139,88.14,-0.0548,64210557548.90999,0.306
2024-05-29,1,0.95,30,21,10,7476460.0,746046256.81,1.1097266666666668,0.8524499999999999,0.0,0.0,100.0,21.0,8.0,1.1938,88.67,-0.0127,64956603805.719986,0.223
2024-05-30,1,0.95,24,17,10,6115303.0,642311877.07,1.1675874999999998,0.8768,1.0,0.0,95.83,20.0,3.0,1.1841,90.04,0.0579,65598915682.789986,0.604
2024-05-31,1,0.95,40,21,11,9882195.0,748997504.3600003,1.013585,0.85135,0.0,0.0,100.0,22.0,17.0,1.1573,91.47,-0.154,66347913187.14999,-0.412
2024-06-03,1,0.95,30,21,11,8252069.0,860472517.5199999,0.9542466666666667,0.7347,0.0,0.0,100.0,23.0,5.0,1.119,92.97,-0.0593,67208385704.66998,-0.803
2024-06-04,1,0.95,21,16,11,5931923.0,486290212.05000013,0.9097666666666667,0.9527,1.0,0.0,95.24,13.0,6.0,1.0649,95.69,-0.0445,67694675916.719986,-1.097
2024-06-05,1,0.95,29,19,11,9489520.0,564345731.8199999,1.175048275862069,1.2755,3.0,0.0,89.66,16.0,10.0,1.0646,96.81,0.2653,68259021648.539986,0.654
2024-06-06,1,0.95,34,22,11,8065823.0,943693500.2800001,0.7696764705882354,0.5944,0.0,0.0,100.0,24.0,9.0,1.0142,97.25,-0.4054,69202715148.81999,-2.021
2024-06-07,1,0.95,30,19,10,8651178.0,652565155.7299999,1.1501233333333332,0.9029,1.0,0.0,96.67,19.0,9.0,1.02,96.77,0.3804,69855280304.54999,0.489
2024-06-10,1,0.95,31,19,11,7889128.0,797613514.1899999,0.7740806451612904,0.4258,3.0,0.0,90.32,23.0,5.0,0.9638,95.98,-0.376,70652893818.73999,-1.992
2024-06-11,1,0.95,36,23,11,11557100.0,828406898.7099999,1.1058444444444442,0.8160000000000001,0.0,0.0,100.0,24.0,7.0,0.977,95.98,0.3318,71481300717.45,0.197
2024-06-12,1,0.95,36,22,10,9156557.0,809075185.51,0.979927777777778,0.71315,2.0,0.0,94.44,21.0,11.0,0.9806,95.19,-0.1259,72290375902.95999,-0.634
2024-06-13,1,0.95,34,22,11,9468409.0,727004416.2600002,1.0863058823529408,0.9230499999999999,0.0,0.0,100.0,25.0,7.0,1.0059,95.87,0.1064,73017380319.21999,0.068
2024-06-14,1,0.95,23,16,10,5091696.0,460019146.31999993,0.8527434782608695,0.714,0.0,0.0,100.0,14.0,8.0,0.9598,97.35,-0.2336,73477399465.54,-1.473
2024-06-17,1,0.95,28,21,9,9301664.0,599007365.9599999,1.0243785714285714,0.8848499999999999,1.0,0.0,96.43,17.0,7.0,0.9962,96.84,0.1716,74076406831.5,-0.341
2024-06-18,1,0.95,25,18,10,7175516.0,659538755.3100001,1.0627280000000001,0.8997,0.0,0.0,100.0,15.0,8.0,0.9837,97.31,0.0383,74735945586.81,-0.088
2024-06-20,1,0.95,20,14,9,4804225.0,477748789.7999999,0.791885,0.567,0.0,0.0,100.0,13.0,7.0,0.9863,98.7,-0.2708,75213694376.61,-1.874
2024-06-21,1,0.95,32,20,11,8069609.0,769506376.1499997,0.8506874999999999,0.7202999999999999,1.0,0.0,96.88,21.0,8.0,0.9498,98.25,0.0588,75983200752.76,-1.486
2024-06-24,1,0.95,31,17,11,9353156.0,851217090.3,0.9772838709677424,0.6714,1.0,0.0,96.77,25.0,4.0,0.9494,98.58,0.1266,76834417843.06,-0.651
2024-06-25,1,0.95,27,21,11,8358349.0,510937514.08,1.0825592592592594,0.6192,1.0,0.0,96.3,14.0,12.0,0.9489,98.05,0.1053,77345355357.14,0.043
2024-06-26,1,0.95,26,22,11,7030042.0,648299272.0300001,0.9228653846153847,0.8679,0.0,0.0,100.0,18.0,5.0,0.9589,98.05,-0.1597,77993654629.17,-1.01
2024-06-27,1,0.95,26,20,10,8059943.0,538968773.61,1.323776923076923,1.2199,1.0,0.0,96.15,18.0,8.0,1.0017,98.01,0.4009,78532623402.78,1.635
2024-06-28,1,0.95,33,20,10,10810635.0,846757552.5400001,0.8613909090909093,0.9725,0.0,0.0,100.0,23.0,3.0,0.9729,98.01,-0.4624,79379380955.31999,-1.416
2024-07-01,1,0.92,25,19,8,6194647.0,408109350.0499998,1.047468,0.8761,0.0,0.0,100.0,12.0,8.0,1.0094,98.01,0.1861,79787490305.37,-0.188
2024-07-02,1,0.92,27,18,11,7099077.0,757838771.88,1.0300592592592588,0.8535,0.0,0.0,100.0,21.0,5.0,1.0351,98.46,-0.0174,80545329077.25,-0.303
2024-07-03,1,0.92,35,22,10,8296984.0,634226127.7900001,1.0473885714285713,0.8083,2.0,0.0,94.29,21.0,11.0,1.0451,98.11,0.0173,81179555205.04,-0.189
2024-07-05,1,0.92,33,22,11,7159517.0,913841983.8600001,1.0362424242424242,0.9935,1.0,0.0,96.97,24.0,7.0,1.0385,98.2,-0.0111,82093397188.9,-0.262
2024-07-08,1,0.92,22,15,10,6606139.0,537917959.9300001,1.1396954545454545,1.212,0.0,0.0,100.0,13.0,4.0,1.0694,98.2,0.1035,82631315148.82999,0.42
2024-07-09,1,0.92,30,21,10,6042942.0,798563220.0300001,1.1468433333333334,0.9062,0.0,0.0,100.0,21.0,7.0,1.0442,98.75,0.0071,83429878368.85999,0.467
2024-07-10,1,0.92,32,20,11,7024781.0,891211824.5599997,1.254315625,1.06645,2.0,0.0,93.75,25.0,6.0,1.1003,97.86,0.1075,84321090193.41998,1.176
2024-07-11,1,0.92,30,20,9,6948403.0,804304934.8000001,1.15101,0.7252000000000001,0.0,0.0,100.0,25.0,2.0,1.1151,97.86,-0.1033,85125395128.21999,0.495
2024-07-12,1,0.92,25,17,9,6992392.0,440927010.9100001,1.211844,1.0663,0.0,0.0,100.0,12.0,10.0,1.141,97.86,0.0608,85566322139.12999,0.896
2024-07-15,1,0.92,28,23,10,7810200.0,647681374.88,1.1157285714285712,0.9682999999999999,0.0,0.0,100.0,20.0,4.0,1.1508,98.67,-0.0961,86214003514.01,0.262
2024-07-16,1,0.92,26,18,9,5482746.0,631211461.5799999,0.9761884615384614,0.7608999999999999,1.0,0.0,96.15,18.0,5.0,1.1422,98.56,-0.1395,86845214975.59,-0.658
2024-07-17,1,0.92,34,23,11,8290143.0,542486611.81,0.9951205882352941,0.8933,0.0,0.0,100.0,16.0,15.0,1.1216,98.56,0.0189,87387701587.4,-0.534
2024-07-18,1,0.92,23,16,9,6356825.0,499266460.65999997,1.1935956521739133,0.8993,0.0,0.0,100.0,17.0,2.0,1.1283,98.56,0.1985,87886968048.06,0.776
2024-07-19,1,0.92,26,20,11,5898175.0,708270632.92,1.0355115384615385,0.83545,1.0,0.0,96.15,19.0,6.0,1.097,98.9,-0.1581,88595238680.98,-0.267
2024-07-22,1,0.92,39,24,11,10276154.0,835776310.3000002,1.072379487179487,0.8992,0.0,0.0,100.0,26.0,9.0,1.0858,98.9,0.0369,89431014991.28,-0.024
2024-07-23,1,0.92,26,19,10,5659095.0,598227747.1999998,1.1062846153846158,0.90015,1.0,0.0,96.15,19.0,6.0,1.0707,98.35,0.0339,90029242738.48,0.2
2024-07-24,1,0.92,31,20,10,9272577.0,916571663.1400002,1.169390322580645,0.9609,0.0,0.0,100.0,25.0,6.0,1.0784,98.35,0.0631,90945814401.62,0.616
2024-07-25,1,0.92,29,16,11,8415115.0,518210293.47999996,1.3120827586206898,1.1763,1.0,0.0,96.55,16.0,8.0,1.1263,98.41,0.1427,91464024695.09999,1.558
2024-07-26,1,0.92,27,19,11,7477763.0,434658203.77000004,1.2390333333333332,1.1036,1.0,0.0,96.3,14.0,7.0,1.1612,97.88,-0.073,91898682898.87,1.076
2024-07-29,1,0.92,24,19,10,5556356.0,563543828.79,1.0032291666666666,0.8921,1.0,0.0,95.83,18.0,5.0,1.134,97.28,-0.2358,92462226727.65999,-0.48
2024-07-30,1,0.92,30,23,11,8018671.0,652781538.6399997,1.2366066666666664,1.02305,0.0,0.0,100.0,20.0,7.0,1.1627,97.83,0.2334,93115008266.29999,1.06
2024-07-31,1,0.92,25,17,11,7638325.0,536463863.45,1.095384,0.758,1.0,0.0,96.0,16.0,6.0,1.166,97.26,-0.1412,93651472129.74998,0.128
2024-08-01,1,0.92,34,21,11,8100191.0,780460737.1000003,0.9356764705882351,0.81235,0.0,0.0,100.0,21.0,13.0,1.1416,97.81,-0.1597,94431932866.84999,-0.926
2024-08-02,1,0.92,38,24,10,8909068.0,1022894318.0400001,0.9938973684210521,0.95375,1.0,0.0,97.37,27.0,7.0,1.1166,97.44,0.0582,95454827184.88998,-0.542
2024-08-05,1,0.92,23,17,10,6690095.0,507252365.8499999,1.0719478260869564,0.9798,1.0,0.0,95.65,17.0,5.0,1.0823,97.31,0.0781,95962079550.73999,-0.027
2024-08-06,1,0.92,23,15,10,6288300.0,471134986.39,0.8905478260869565,0.7035,0.0,0.0,100.0,12.0,7.0,1.0325,97.84,-0.1814,96433214537.12999,-1.223
2024-08-07,1,0.92,31,20,11,7542630.0,727169495.81,1.0585225806451612,0.9045,3.0,0.0,90.32,22.0,8.0,1.0404,97.05,0.168,97160384032.93999,-0.115
2024-08-08,1,0.92,26,17,11,9282073.0,472884227.4700001,1.1668115384615385,1.0881,1.0,0.0,96.15,17.0,3.0,1.0304,96.5,0.1083,97633268260.40999,0.599
2024-08-09,1,0.92,29,23,9,9449681.0,500996325.83,1.1676827586206895,0.8164,0.0,0.0,100.0,13.0,12.0,1.0407,97.07,0.0009,98134264586.23999,0.605
2024-08-12,1,0.92,32,21,11,7608279.0,661233772.1099999,1.1357937499999997,0.90555,0.0,0.0,100.0,19.0,12.0,1.0693,97.07,-0.0319,98795498358.34999,0.395
2024-08-13,1,0.92,27,16,10,6214828.0,619741237.26,1.070074074074074,0.7468,1.0,0.0,96.3,17.0,10.0,1.0802,96.92,-0.0657,99415239595.60999,-0.039
2024-08-14,1,0.92,26,17,10,5743984.0,608795682.6,1.171946153846154,1.1364,2.0,0.0,92.31,18.0,5.0,1.0945,96.44,0.1019,100024035278.20999,0.633
2024-08-15,1,0.92,25,20,11,5624788.0,481621683.59999996,1.1534519999999997,0.8831,0.0,0.0,100.0,14.0,10.0,1.132,96.44,-0.0185,100505656961.81,0.511
2024-08-16,1,0.92,20,13,9,5350000.0,317494749.05999994,1.3955400000000002,1.31465,1.0,0.0,95.0,8.0,7.0,1.1802,97.11,0.2421,100823151710.87,2.108
2024-08-19,1,0.92,25,18,10,4981289.0,570357449.8,1.0027359999999998,0.7794,4.0,0.0,84.0,17.0,5.0,1.1567,95.37,-0.3928,101393509160.67,-0.483
2024-08-20,1,0.92,21,17,8,5974640.0,289554123.65999997,1.441352380952381,1.1797,1.0,0.0,95.24,11.0,5.0,1.1958,94.69,0.4386,101683063284.32999,2.41
2024-08-21,1,0.92,26,20,9,6817305.0,573527185.28,1.0586769230769228,0.9911,1.0,0.0,96.15,16.0,9.0,1.1848,94.14,-0.3827,102256590469.60999,-0.114
2024-08-22,1,0.92,26,19,11,6190347.0,765082016.6999998,1.1623461538461537,0.9745,3.0,0.0,88.46,19.0,6.0,1.198,93.02,0.1037,103021672486.30998,0.57
2024-08-23,1,0.92,22,19,9,6715490.0,452663004.93999994,1.140590909090909,0.9129,1.0,0.0,95.45,13.0,9.0,1.1935,93.47,-0.0218,103474335491.24998,0.426
2024-08-26,1,0.92,28,20,10,7386370.0,524593202.9199999,1.200725,0.8884,0.0,0.0,100.0,18.0,9.0,1.2003,93.47,0.0601,103998928694.16998,0.823
2024-08-27,1,0.92,23,20,9,6008897.0,576113922.0400001,1.1779260869565218,1.0316,0.0,0.0,100.0,19.0,2.0,1.1692,94.19,-0.0228,104575042616.20998,0.673
2024-08-28,1,0.92,42,24,11,12522386.0,952949774.28,1.199661904761905,1.1094,0.0,0.0,100.0,28.0,9.0,1.1973,96.47,0.0217,105527992390.48997,0.816
2024-08-29,1,0.92,35,25,11,9246249.0,954307882.86,1.054417142857143,1.0225,0.0,0.0,100.0,24.0,8.0,1.142,97.15,-0.1452,106482300273.34998,-0.142
2024-08-30,1,0.92,24,17,10,6784820.0,342857426.84000003,1.0765375000000004,0.9450000000000001,0.0,0.0,100.0,11.0,11.0,1.1446,97.7,0.0221,106825157700.18997,0.004
2024-09-03,1,1.05,40,23,11,11274857.0,1079030981.8100004,1.0528625,1.0282,2.0,0.0,95.0,31.0,4.0,1.129,98.64,-0.0237,107904188681.99997,-0.153
2024-09-04,1,1.05,32,23,11,8968606.0,869286907.4199998,0.92975,0.8258000000000001,1.0,0.0,96.88,21.0,7.0,1.0988,98.84,-0.1231,108773475589.41997,-0.965
2024-09-05,1,1.05,28,19,10,8664746.0,855981797.3,1.1782821428571428,0.9135,0.0,0.0,100.0,23.0,3.0,1.0956,98.84,0.2485,109629457386.71997,0.675
2024-09-06,1,1.05,22,17,11,6573249.0,599082493.6499999,1.2192227272727272,1.1885,1.0,0.0,95.45,15.0,6.0,1.1015,98.19,0.0409,110228539880.36996,0.945
2024-09-09,1,1.05,25,18,10,5432279.0,650894497.9100001,0.7786760000000003,0.7718,0.0,0.0,100.0,18.0,6.0,1.0414,98.19,-0.4405,110879434378.27997,-1.962
2024-09-10,1,1.05,33,22,11,10264656.0,894504656.2799999,0.9669727272727271,1.1059,4.0,0.0,87.88,23.0,8.0,1.0289,96.46,0.1883,111773939034.55997,-0.719
2024-09-11,1,1.05,31,23,11,10548057.0,623119904.4100001,1.0444193548387097,1.0485,0.0,0.0,100.0,19.0,8.0,1.0243,96.46,0.0774,112397058938.96997,-0.208
2024-09-12,1,1.05,22,17,8,7154867.0,512749327.73,1.0719454545454543,0.9306,0.0,0.0,100.0,16.0,2.0,1.027,97.17,0.0275,112909808266.69998,-0.027
2024-09-13,1,1.05,31,20,10,9909549.0,748042523.4699999,1.1642000000000001,0.9205,1.0,0.0,96.77,25.0,4.0,1.0605,97.16,0.0923,113657850790.16998,0.582
2024-09-16,1,1.05,31,23,11,9440769.0,800177118.6399999,0.8983548387096775,0.7841,2.0,0.0,93.55,20.0,9.0,1.0205,96.24,-0.2658,114458027908.80998,-1.172
2024-09-17,1,1.05,27,18,10,7778165.0,683966865.2199999,1.1899814814814813,1.327,2.0,0.0,92.59,18.0,5.0,1.0164,95.83,0.2916,115141994774.02998,0.752
2024-09-18,1,1.05,35,23,11,9833794.0,842298676.4799999,1.0028971428571427,0.9462,2.0,0.0,94.29,22.0,12.0,1.0484,95.01,-0.1871,115984293450.50998,-0.482
2024-09-19,1,1.05,30,19,11,9874836.0,535686747.92000014,1.0759366666666665,0.96685,2.0,0.0,93.33,16.0,10.0,1.064,95.79,0.073,116519980198.42998,-0.0
2024-09-20,1,1.05,26,17,11,9005204.0,477958713.64000005,1.1028115384615385,1.12295,0.0,0.0,100.0,12.0,9.0,1.0723,95.79,0.0269,116997938912.06998,0.177
2024-09-23,1,1.05,20,14,11,5652118.0,518150434.97,1.0408050000000002,0.6477999999999999,2.0,0.0,90.0,14.0,3.0,1.0679,94.36,-0.062,117516089347.03998,-0.232
2024-09-24,1,1.05,31,22,9,7505452.0,820827756.6299998,0.7423032258064516,0.8118,1.0,0.0,96.77,24.0,6.0,1.0076,94.36,-0.2985,118336917103.66998,-2.201
2024-09-25,1,1.05,26,17,10,9516407.0,553781712.22,1.0184423076923077,0.8616,1.0,0.0,96.15,16.0,5.0,1.0247,94.73,0.2761,118890698815.88998,-0.38
2024-09-26,1,1.05,30,18,11,7528490.0,883136347.6000003,0.8816633333333335,0.7978000000000001,2.0,0.0,93.33,24.0,5.0,0.9807,94.84,-0.1368,119773835163.48999,-1.282
2024-09-27,1,1.05,24,21,10,5165368.0,566119190.0800002,0.9053333333333332,0.8996,0.0,0.0,100.0,18.0,4.0,0.9668,95.65,0.0237,120339954353.56999,-1.126
2024-09-30,1,1.05,36,23,10,12101092.0,681345095.69,1.0164027777777778,0.88955,2.0,0.0,94.44,20.0,14.0,0.9583,95.81,0.1111,121021299449.26,-0.393
2024-10-01,1,1.05,37,24,11,9901204.0,787648477.84,1.0009513513513515,1.1529,2.0,0.0,94.59,23.0,9.0,0.9437,95.04,-0.0155,121808947927.09999,-0.495
2024-10-02,1,1.05,23,18,10,7520522.0,547925226.9100001,0.9947695652173915,0.9951,0.0,0.0,100.0,18.0,4.0,0.9371,96.47,-0.0062,122356873154.01,-0.536
2024-10-03,1,1.05,24,21,11,7105825.0,584363283.9599998,1.141383333333333,1.0289000000000001,0.0,0.0,100.0,15.0,7.0,0.9941,96.93,0.1466,122941236437.97,0.431
2024-10-04,1,1.05,28,18,10,7344808.0,697752595.8100001,1.1137535714285713,1.1322,1.0,0.0,96.43,19.0,7.0,1.0078,96.97,-0.0276,123638989033.77998,0.249
2024-10-07,1,1.05,35,21,11,11790840.0,776551027.5499998,0.9824114285714287,0.8812,1.0,0.0,97.14,21.0,10.0,1.0221,97.51,-0.1313,124415540061.32999,-0.617
2024-10-08,1,1.05,27,20,11,6120217.0,739982859.4799999,1.1842777777777778,1.0848,0.0,0.0,100.0,23.0,3.0,1.062,97.51,0.2019,125155522920.80998,0.714
2024-10-09,1,1.05,28,19,11,7942582.0,588174549.9,1.0024892857142857,0.83275,1.0,0.0,96.43,17.0,7.0,1.06,97.8,-0.1818,125743697470.70998,-0.485
2024-10-10,1,1.05,22,18,10,6722385.0,584938946.0199999,1.1934272727272728,1.1104,0.0,0.0,100.0,16.0,5.0,1.0875,98.57,0.1909,126328636416.72998,0.775
2024-10-11,1,1.05,34,23,11,9038213.0,1018213813.43,0.932914705882353,1.0326499999999998,1.0,0.0,97.06,23.0,7.0,1.0787,98.15,-0.2605,127346850230.15997,-0.944
2024-10-14,1,1.05,22,17,9,7023503.0,649213494.1000003,1.1487136363636363,0.91625,1.0,0.0,95.45,18.0,2.0,1.0797,97.5,0.2158,127996063724.25998,0.48
2024-10-15,1,1.05,38,26,11,11885693.0,860790759.9200001,1.1324684210526315,1.1446,2.0,0.0,94.74,25.0,10.0,1.0824,97.26,-0.0162,128856854484.17998,0.373
2024-10-16,1,1.05,24,19,10,8283876.0,529724808.23,0.8926916666666666,0.8404499999999999,2.0,0.0,91.67,13.0,8.0,1.0696,96.48,-0.2398,129386579292.40997,-1.209
2024-10-17,1,1.05,21,14,10,5311592.0,561716032.7299999,1.0976571428571429,1.1221,1.0,0.0,95.24,16.0,3.0,1.0572,95.8,0.205,129948295325.13997,0.143
2024-10-18,1,1.05,23,15,10,6421376.0,673723024.77,0.8090391304347826,0.6682,0.0,0.0,100.0,16.0,6.0,1.0296,96.31,-0.2886,130622018349.90997,-1.761
2024-10-21,1,1.05,27,18,10,10509670.0,687446861.4699998,1.059874074074074,0.7417,0.0,0.0,100.0,22.0,3.0,1.0105,96.31,0.2508,131309465211.37997,-0.106
2024-10-22,1,1.05,26,19,11,7962262.0,742447466.9599998,0.91925,0.9104,3.0,0.0,88.46,22.0,4.0,1.0085,95.08,-0.1406,132051912678.33998,-1.034
2024-10-23,1,1.05,27,19,10,8619978.0,579142283.6899999,1.05327037037037,1.005,2.0,0.0,92.59,19.0,6.0,0.9949,94.67,0.134,132631054962.02998,-0.15
2024-10-24,1,1.05,30,21,11,8613293.0,967802410.74,1.0067966666666666,0.7803,1.0,0.0,96.67,25.0,5.0,0.9769,94.95,-0.0465,133598857372.76999,-0.457
2024-10-25,1,1.05,32,19,11,10588489.0,834090984.3599999,1.0789249999999997,1.1461999999999999,0.0,0.0,100.0,22.0,8.0,1.0035,96.14,0.0721,134432948357.12999,0.019
2024-10-28,1,1.05,32,21,11,8963611.0,847308205.48,1.0013,0.7575000000000001,1.0,0.0,96.88,24.0,8.0,0.9898,96.37,-0.0776,135280256562.60999,-0.493
2024-10-29,1,1.05,25,18,11,6192575.0,641406772.5199999,0.8110640000000002,0.7184,0.0,0.0,100.0,16.0,7.0,0.9901,96.37,-0.1902,135921663335.12999,-1.748
2024-10-30,1,1.05,44,26,11,13476947.0,1076130820.2000003,1.0612931818181817,0.8766,2.0,0.0,95.45,32.0,8.0,0.9903,95.72,0.2502,136997794155.32999,-0.097
2024-10-31,1,1.05,29,22,11,7018939.0,722515592.2300003,0.9438275862068966,0.7293,2.0,0.0,93.1,22.0,6.0,0.9938,96.38,-0.1175,137720309747.56,-0.872
2024-11-01,1,1.05,22,17,11,6628644.0,545769582.9300002,1.047722727272727,0.7899499999999999,0.0,1.0,100.0,19.0,2.0,0.993,97.44,0.1039,138266079330.49,-0.187
2024-11-04,1,1.05,26,18,9,7857845.0,456513028.1,1.0723115384615385,0.98065,1.0,0.0,96.15,15.0,8.0,1.0023,97.37,0.0246,138722592358.59,-0.024
2024-11-05,1,0.88,27,18,11,5996190.0,450416584.62000006,1.2217962962962963,0.9777,1.0,0.0,96.3,17.0,6.0,1.0228,96.84,0.1495,139173008943.21,0.962
2024-11-06,1,0.88,33,21,9,7829519.0,585149523.4699999,0.9409454545454544,0.8811,0.0,0.0,100.0,14.0,14.0,1.0141,97.29,-0.2809,139758158466.68,-0.891
2024-11-07,1,0.88,22,17,10,5770616.0,545891461.13,0.9492590909090911,0.69,1.0,0.0,95.45,12.0,10.0,1.0339,96.64,0.0083,140304049927.81,-0.836
2024-11-08,1,0.88,23,17,10,6745094.0,315805720.30999994,1.4542,1.5036,1.0,0.0,95.65,9.0,11.0,1.09,96.66,0.5049,140619855648.12,2.495
2024-11-11,1,0.88,25,18,10,4275408.0,494183714.8500001,0.9503479999999997,0.9054,1.0,0.0,96.0,14.0,10.0,1.0909,97.08,-0.5039,141114039362.97,-0.829
2024-11-12,1,0.88,35,21,11,9335862.0,610148747.3000001,1.2983142857142858,1.1413,1.0,0.0,97.14,20.0,11.0,1.1267,96.67,0.348,141724188110.27,1.467
2024-11-13,1,0.88,37,24,10,8705424.0,707242874.73,1.4372243243243248,1.1623,0.0,0.0,100.0,26.0,8.0,1.1789,97.22,0.1389,142431430985.0,2.383
2024-11-14,1,0.88,27,17,10,7922388.0,450497451.40999997,1.1542592592592593,1.0462,1.0,0.0,96.3,15.0,8.0,1.1692,97.22,-0.283,142881928436.41,0.516
2024-11-15,1,0.88,29,19,11,9412333.0,613318531.7099998,1.0778034482758623,0.9741,0.0,0.0,100.0,18.0,8.0,1.1888,97.22,-0.0765,143495246968.12,0.012
2024-11-18,1,0.88,24,18,11,5781359.0,523131032.55,1.1484416666666666,0.9629000000000001,0.0,0.0,100.0,14.0,6.0,1.2172,97.87,0.0706,144018378000.66998,0.478
2024-11-19,1,0.88,24,17,10,6266991.0,587140228.41,1.0717999999999999,0.7123,0.0,0.0,100.0,15.0,7.0,1.1626,98.49,-0.0766,144605518229.08,-0.028
2024-11-20,1,0.88,31,22,11,7611292.0,827678225.4899999,1.1715064516129035,0.9639,0.0,0.0,100.0,21.0,5.0,1.1942,99.06,0.0997,145433196454.56998,0.63
2024-11-21,1,0.88,29,22,9,8403964.0,596298048.1600001,1.297058620689655,1.1062,1.0,0.0,96.55,17.0,7.0,1.194,98.98,0.1256,146029494502.72998,1.458
2024-11-22,1,0.88,28,20,10,7496182.0,648083742.64,1.0767571428571425,0.8611500000000001,0.0,0.0,100.0,18.0,9.0,1.1425,98.98,-0.2203,146677578245.37,0.005
2024-11-25,1,0.88,18,14,10,4955476.0,506212796.18000007,1.356038888888889,1.01315,1.0,0.0,94.44,13.0,4.0,1.1713,98.71,0.2793,147183791041.55,1.848
2024-11-26,1,0.88,21,15,9,6751895.0,324942036.12,1.1977476190476193,1.0937,0.0,0.0,100.0,14.0,3.0,1.1885,98.71,-0.1583,147508733077.66998,0.803
2024-11-27,1,0.88,32,19,11,7145335.0,715684408.95,1.0304250000000004,0.96855,0.0,0.0,100.0,22.0,6.0,1.1716,98.71,-0.1673,148224417486.62,-0.301
2024-11-29,1,0.88,31,22,10,7835983.0,709385260.3299999,1.3710032258064513,1.0355,0.0,0.0,100.0,20.0,8.0,1.2144,98.71,0.3406,148933802746.94998,1.946
2024-12-02,1,1.0,17,14,10,3293719.0,450155144.84999996,0.8823764705882353,0.7908,1.0,0.0,94.12,14.0,1.0,1.1731,97.87,-0.4886,149383957891.8,-1.277
2024-12-03,1,1.0,35,23,10,9320217.0,935816415.3699998,1.0044857142857142,1.2314,0.0,0.0,100.0,27.0,5.0,1.1313,98.37,0.1221,150319774307.16998,-0.472
2024-12-04,1,1.0,30,22,11,8762690.0,731126037.7600001,1.1306033333333334,1.09855,1.0,0.0,96.67,21.0,8.0,1.139,97.89,0.1261,151050900344.93,0.36
2024-12-05,1,1.0,23,17,10,5717237.0,533344995.0200001,0.8891826086956524,0.7368,0.0,0.0,100.0,15.0,5.0,1.0723,98.68,-0.2414,151584245339.94998,-1.232
2024-12-06,1,1.0,40,24,11,12876209.0,1004598674.5300004,1.3531849999999996,1.0662500000000001,3.0,0.0,92.5,30.0,5.0,1.0945,97.61,0.464,152588844014.47998,1.829
2024-12-09,1,1.0,32,21,11,9637685.0,822116705.4200001,1.1261750000000001,0.9859500000000001,4.0,0.0,87.5,25.0,6.0,1.1081,95.83,-0.227,153410960719.9,0.331
2024-12-10,1,1.0,24,20,10,6537648.0,655694615.88,1.0593374999999998,0.8149,2.0,0.0,91.67,19.0,4.0,1.0636,94.64,-0.0668,154066655335.78,-0.11
2024-12-11,1,1.0,31,21,8,8290263.0,1002022961.1899999,0.9682161290322578,0.7376,4.0,1.0,87.1,25.0,5.0,1.0759,93.63,-0.0911,155068678296.97,-0.711
2024-12-12,1,1.0,25,18,9,9106055.0,509175737.8699999,1.0973480000000002,1.0545,1.0,1.0,96.0,14.0,11.0,1.0891,93.06,0.1291,155577854034.84,0.141
2024-12-13,1,1.0,31,25,11,8053295.0,894450716.4300001,1.029925806451613,0.7826,0.0,1.0,100.0,25.0,3.0,1.0748,93.54,-0.0674,156472304751.27,-0.304
2024-12-16,1,1.0,34,26,11,10007823.0,740861724.56,1.1122088235294116,0.8192,1.0,0.0,97.06,22.0,9.0,1.1066,93.12,0.0823,157213166475.83,0.239
2024-12-17,1,1.0,20,14,10,7327328.0,442611658.6200001,1.3523100000000001,1.1647500000000002,1.0,0.0,95.0,14.0,5.0,1.1065,93.48,0.2401,157655778134.44998,1.823
2024-12-18,1,1.0,19,16,10,5419525.0,524067496.7,1.176121052631579,0.8423,1.0,0.0,94.74,16.0,2.0,1.1136,94.51,-0.1762,158179845631.15,0.661
2024-12-19,1,1.0,30,18,10,9008478.0,642026172.24,1.2984800000000003,1.2671000000000001,1.0,0.0,96.67,18.0,9.0,1.1478,95.22,0.1224,158821871803.38998,1.468
2024-12-20,1,1.0,27,18,11,6637268.0,852074127.1199999,0.8141148148148147,0.6513,0.0,0.0,100.0,23.0,2.0,1.1258,97.07,-0.4844,159673945930.50998,-1.728
2024-12-23,1,1.0,28,23,9,8821382.0,612885818.0500001,0.9547928571428571,0.8108,0.0,0.0,100.0,15.0,9.0,1.1054,97.64,0.1407,160286831748.55997,-0.8
2024-12-24,1,1.0,29,20,11,9617853.0,594665904.2100002,1.1886758620689652,1.1201,2.0,0.0,93.1,19.0,7.0,1.1281,96.65,0.2339,160881497652.76996,0.743
2024-12-26,1,1.0,28,17,11,5506634.0,693853944.7500001,0.8933464285714284,0.82115,2.0,0.0,92.86,21.0,6.0,1.0968,96.05,-0.2953,161575351597.51996,-1.205
2024-12-27,1,1.0,31,19,11,10662562.0,433481150.96000016,1.1947354838709676,1.0202,2.0,0.0,93.55,18.0,8.0,1.0743,95.85,0.3014,162008832748.47995,0.783
2024-12-30,1,1.0,24,19,10,6323700.0,578485071.07,1.0618291666666668,0.98985,1.0,0.0,95.83,18.0,4.0,1.058,96.0,-0.1329,162587317819.54996,-0.093
2024-12-31,1,1.0,37,25,11,10278718.0,840298126.34,0.9203864864864865,0.8653,2.0,0.0,94.59,20.0,12.0,1.004,95.7,-0.1414,163427615945.88995,-1.027
2025-01-02,1,1.0,30,20,10,8327967.0,550605791.2100002,1.05905,0.9956,0.0,0.0,100.0,15.0,8.0,1.039,95.7,0.1387,163978221737.09995,-0.112
2025-01-03,1,1.0,28,17,10,6405260.0,568145487.4299998,1.0142214285714286,0.83675,3.0,0.0,89.29,18.0,4.0,1.0475,94.17,-0.0448,164546367224.52994,-0.408
2025-01-06,1,1.0,24,17,8,6740737.0,682397983.2699999,0.9485875000000002,0.897,1.0,0.0,95.83,18.0,4.0,1.0132,94.56,-0.0656,165228765207.79993,-0.841
2025-01-07,1,1.0,31,21,10,9967566.0,639279569.96,1.0512870967741932,0.9569,1.0,0.0,96.77,20.0,10.0,1.0357,95.12,0.1027,165868044777.76,-0.163
2025-01-08,1,1.0,26,17,10,6290892.0,526405543.46000004,1.2778884615384611,0.97315,1.0,0.0,96.15,18.0,5.0,1.0476,95.49,0.2266,166394450321.22,1.332
2025-01-09,1,1.0,28,20,10,7605178.0,635126098.52,1.219507142857143,1.1998,0.0,0.0,100.0,18.0,8.0,1.0701,96.09,-0.0584,167029576419.74,0.947
2025-01-10,1,1.0,25,19,10,7266882.0,755223635.11,1.15952,0.9916,2.0,0.0,92.0,19.0,5.0,1.1043,95.72,-0.06,167784800054.84998,0.551
2025-01-13,1,1.0,21,16,9,6941293.0,476495824.54000014,1.3364619047619049,1.4985,1.0,0.0,95.24,13.0,6.0,1.1439,95.04,0.1769,168261295879.38998,1.718
2025-01-14,1,1.0,22,16,9,6667726.0,470449500.3000001,1.2223727272727272,0.87165,0.0,0.0,100.0,16.0,6.0,1.1737,96.57,-0.1141,168731745379.68997,0.966
2025-01-15,1,1.0,36,23,11,9475605.0,840858405.17,1.1234194444444443,1.05695,1.0,0.0,97.22,28.0,7.0,1.1986,96.77,-0.099,169572603784.86,0.313
2025-01-16,1,1.0,27,19,11,7654583.0,638101319.6899999,1.029474074074074,0.8023,0.0,0.0,100.0,19.0,6.0,1.1955,97.23,-0.0939,170210705104.55,-0.307
2025-01-17,1,1.0,31,21,11,8234920.0,655707745.14,0.9674967741935484,0.9328,1.0,0.0,96.77,18.0,9.0,1.1512,97.32,-0.062,170866412849.69,-0.716
2025-01-21,1,1.0,35,20,11,8978595.0,765871055.66,1.0530114285714283,0.9124,1.0,0.0,97.14,24.0,6.0,1.1274,96.91,0.0855,171632283905.35,-0.152
2025-01-22,1,1.0,31,18,10,8380189.0,698296447.6999998,1.1149967741935485,1.0281,2.0,0.0,93.55,23.0,6.0,1.121,97.13,0.062,172330580353.05002,0.257
2025-01-23,1,1.0,31,22,11,9421450.0,460174843.08000016,1.1584741935483873,0.9315,1.0,0.0,96.77,12.0,16.0,1.0956,97.35,0.0435,172790755196.13,0.544
2025-01-24,1,1.0,24,18,9,5836887.0,584972504.0300001,0.7720791666666664,0.7249,0.0,0.0,100.0,19.0,5.0,1.0313,97.35,-0.3864,173375727700.16,-2.005
2025-01-27,1,1.0,24,17,9,6717632.0,505982971.01,1.2803541666666665,1.28155,0.0,0.0,100.0,16.0,5.0,1.0537,97.75,0.5083,173881710671.17,1.348
2025-01-28,1,1.0,27,19,11,7372802.0,475353651.6700001,1.5259999999999996,1.1294,0.0,0.0,100.0,16.0,8.0,1.1246,97.75,0.2456,174357064322.84003,2.969
2025-01-29,1,1.0,30,20,10,9180998.0,771497482.4200002,1.03139,0.9134,1.0,0.0,96.67,21.0,6.0,1.1338,97.73,-0.4946,175128561805.26004,-0.294
2025-01-30,1,1.0,30,19,11,8003283.0,672906105.0000001,0.9975033333333333,0.9145,1.0,0.0,96.67,22.0,7.0,1.1258,97.67,-0.0339,175801467910.26,-0.518
2025-01-31,1,1.0,15,12,8,4881691.0,245101554.64,1.2356733333333336,0.9581,1.0,0.0,93.33,9.0,4.0,1.1431,97.63,0.2382,176046569464.90002,1.053
2025-02-03,1,1.15,28,19,11,8082962.0,660567089.67,0.8925642857142856,0.7998000000000001,0.0,0.0,100.0,19.0,3.0,1.1051,98.1,-0.3431,176707136554.57004,-1.21
2025-02-04,1,1.15,28,19,11,8976443.0,718122689.6599998,0.9844250000000002,0.86815,2.0,0.0,92.86,23.0,4.0,1.1354,97.08,0.0919,177425259244.23004,-0.604
2025-02-05,1,1.15,26,17,11,7530943.0,593258004.1599998,0.9916769230769232,0.6529,1.0,0.0,96.15,19.0,7.0,1.0942,96.53,0.0073,178018517248.39005,-0.556
2025-02-06,1,1.15,26,21,10,7539871.0,751215604.8000001,1.0626346153846156,1.0239500000000001,0.0,0.0,100.0,20.0,4.0,1.028,96.53,0.071,178769732853.19003,-0.088
2025-02-07,1,1.15,29,20,9,7704923.0,741517735.36,0.9302206896551722,0.915,0.0,0.0,100.0,19.0,7.0,1.0135,97.0,-0.1324,179511250588.55002,-0.962
2025-02-10,1,1.15,28,19,10,8517828.0,700201797.9900004,1.0009285714285714,0.9156,1.0,0.0,96.43,19.0,8.0,1.014,96.97,0.0707,180211452386.54,-0.495
2025-02-11,1,1.15,24,17,10,6262724.0,632145024.41,0.8299541666666665,0.7403,0.0,0.0,100.0,17.0,5.0,0.9561,97.92,-0.171,180843597410.95,-1.623
2025-02-12,1,1.15,30,15,10,8418829.0,696102767.9400002,0.9325633333333332,0.8950499999999999,0.0,0.0,100.0,20.0,8.0,0.9618,97.92,0.1026,181539700178.89,-0.946
2025-02-13,1,1.15,26,21,10,8602197.0,725931402.3000001,1.1825615384615387,1.0027,0.0,0.0,100.0,19.0,5.0,0.9901,98.94,0.25,182265631581.19,0.703
2025-02-14,1,1.15,27,16,9,7499768.0,544069501.2900001,1.1222703703703705,1.2554,0.0,0.0,100.0,18.0,7.0,1.0087,99.49,-0.0603,182809701082.48,0.305
2025-02-18,1,1.15,37,24,10,11341996.0,1061909044.69,0.9819162162162164,0.6671,3.0,0.0,91.89,29.0,7.0,0.9972,98.33,-0.1404,183871610127.17,-0.621
2025-02-19,1,1.15,33,19,11,10962968.0,790823256.2200001,1.003060606060606,1.0237,0.0,0.0,100.0,19.0,11.0,1.0076,98.33,0.0211,184662433383.39,-0.481
2025-02-20,1,1.15,25,18,11,8338233.0,722089261.1299999,0.945728,0.9524,0.0,0.0,100.0,17.0,8.0,0.9997,98.84,-0.0573,185384522644.52002,-0.859
2025-02-21,1,1.15,38,25,11,11822247.0,1110419835.98,1.0925789473684206,1.0732,0.0,0.0,100.0,28.0,7.0,1.0372,98.84,0.1469,186494942480.50003,0.109
2025-02-24,1,1.15,34,23,10,9063123.0,867074781.6600001,0.8719058823529412,0.7224,3.0,0.0,91.18,21.0,8.0,1.0286,97.58,-0.2207,187362017262.16,-1.346
2025-02-25,1,1.15,33,22,11,10547995.0,828352161.5399998,0.7987818181818183,0.6155,0.0,0.0,100.0,25.0,5.0,0.9737,97.58,-0.0731,188190369423.7,-1.829
2025-02-26,1,1.15,29,21,10,8474392.0,667895581.79,1.2955275862068967,1.1207,0.0,0.0,100.0,21.0,7.0,0.9985,97.58,0.4967,188858265005.49002,1.448
2025-02-27,1,1.15,22,14,10,6031345.0,521306038.37999976,1.051859090909091,0.9274,1.0,0.0,95.45,17.0,5.0,1.0085,98.09,-0.2437,189379571043.87003,-0.159
2025-02-28,1,1.15,29,20,10,8656797.0,703226503.6899999,1.018986206896552,1.0277,0.0,0.0,100.0,20.0,5.0,1.0108,98.09,-0.0329,190082797547.56003,-0.376
2025-03-03,1,1.15,25,18,10,7396407.0,659002102.49,0.9254159999999999,0.7218,0.0,0.0,100.0,19.0,5.0,1.0079,98.09,-0.0936,190741799650.05002,-0.993
2025-03-04,1,1.15,27,17,10,8861627.0,565933425.2999998,1.037092592592593,0.8865,1.0,0.0,96.3,15.0,10.0,0.9999,97.56,0.1117,191307733075.35,-0.257
2025-03-05,1,1.15,29,16,11,8919828.0,562966931.3199999,1.0730620689655173,0.966,0.0,0.0,100.0,17.0,9.0,1.0287,98.82,0.036,191870700006.67,-0.019
2025-03-06,1,1.15,24,18,10,9023629.0,509887325.2700001,1.1740041666666665,1.07245,1.0,0.0,95.83,15.0,6.0,1.0823,98.23,0.1009,192380587331.94,0.647
2025-03-07,1,1.15,17,13,8,5014243.0,467611537.6600001,1.0600470588235296,0.7453,0.0,0.0,100.0,12.0,3.0,1.0486,98.23,-0.114,192848198869.6,-0.105
2025-03-10,1,1.15,35,24,11,11033473.0,959414318.8799998,0.96192,0.7431,1.0,0.0,97.14,26.0,6.0,1.0358,98.47,-0.0981,193807613188.48,-0.753
2025-03-11,1,1.15,22,15,9,6013906.0,529875016.85999995,0.8269272727272727,0.6631,1.0,0.0,95.45,16.0,5.0,1.0084,97.82,-0.135,194337488205.34,-1.643
2025-03-12,1,1.15,20,15,10,6668625.0,616972366.01,0.9882800000000002,0.85895,1.0,0.0,95.0,17.0,3.0,1.0173,97.1,0.1614,194954460571.35,-0.579
2025-03-13,1,1.15,27,20,11,7830911.0,805077599.75,0.9881111111111113,0.9994,0.0,0.0,100.0,22.0,3.0,1.0103,97.63,-0.0002,195759538171.1,-0.58
2025-03-14,1,1.15,25,17,10,8177615.0,583985383.9300001,1.0842800000000004,1.0116,2.0,0.0,92.0,17.0,5.0,1.0119,96.49,0.0962,196343523555.03,0.055
2025-03-17,1,1.15,33,22,11,10262357.0,1066838827.15,0.7691181818181816,0.7556,1.0,0.0,96.97,25.0,6.0,0.9541,96.65,-0.3152,197410362382.18,-2.025
2025-03-18,1,1.15,35,22,11,11557370.0,919055193.69,0.8054685714285713,0.7227,0.0,0.0,100.0,23.0,10.0,0.9177,96.65,0.0364,198329417575.87,-1.785
2025-03-19,1,1.15,28,19,9,7733104.0,1015050144.8800001,1.1428464285714284,1.0597,0.0,0.0,100.0,25.0,2.0,0.9436,97.06,0.3374,199344467720.75,0.441
2025-03-20,1,1.15,28,21,10,8485539.0,778493055.32,0.9518678571428572,0.6725,1.0,0.0,96.43,19.0,5.0,0.9614,97.2,-0.191,200122960776.07,-0.819
2025-03-21,1,1.15,27,18,11,7976234.0,668400456.15,1.0034444444444444,0.9672,0.0,0.0,100.0,18.0,6.0,0.9636,97.91,0.0516,200791361232.22,-0.479
2025-03-24,1,1.15,21,16,9,6784449.0,565221624.3900001,0.846304761904762,0.7571,0.0,0.0,100.0,16.0,2.0,0.9433,97.91,-0.1571,201356582856.61002,-1.515
2025-03-25,1,1.15,24,19,11,7525762.0,653456471.0,0.980483333333333,0.8703,1.0,0.0,95.83,17.0,6.0,0.9285,98.46,0.1342,202010039327.61002,-0.63
2025-03-26,1,1.15,25,20,10,7041966.0,676902201.8899999,0.9769159999999998,0.8889,1.0,0.0,96.0,20.0,5.0,0.9582,98.32,-0.0036,202686941529.50003,-0.654
2025-03-27,1,1.15,35,21,11,10906613.0,898794810.5800005,0.9844885714285715,0.8601,2.0,0.0,94.29,25.0,7.0,0.9838,97.51,0.0076,203585736340.08002,-0.604
2025-03-28,1,1.15,34,24,10,8954700.0,963082601.4299998,0.910829411764706,0.7189,1.0,0.0,97.06,27.0,6.0,0.9506,97.09,-0.0737,204548818941.51,-1.09
2025-03-31,1,1.15,29,18,11,7168749.0,962188761.73,0.7271206896551722,0.6088,0.0,0.0,100.0,23.0,5.0,0.9185,97.6,-0.1837,205511007703.24002,-2.302
2025-04-01,1,1.1,23,17,9,8272894.0,561052286.62,1.2546173913043477,1.3188,2.0,0.0,91.3,15.0,4.0,0.9544,96.35,0.5275,206072059989.86002,1.178
2025-04-02,1,1.1,22,18,9,6883850.0,798004868.7000002,0.9200545454545455,0.83755,1.0,0.0,95.45,17.0,3.0,0.9649,95.7,-0.3346,206870064858.56003,-1.029
2025-04-03,1,1.1,20,13,9,6118749.0,635717174.07,1.0135349999999999,1.08575,1.0,0.0,95.0,15.0,2.0,0.9697,95.59,0.0935,207505782032.63004,-0.412
2025-04-04,1,1.1,23,17,10,6661544.0,499834516.83000004,1.3372347826086959,1.1382,0.0,0.0,100.0,19.0,3.0,1.0211,96.16,0.3237,208005616549.46002,1.724
2025-04-07,1,1.1,21,16,10,5887584.0,607370189.1299999,1.0595904761904762,1.037,1.0,0.0,95.24,18.0,3.0,1.0319,96.29,-0.2776,208612986738.59003,-0.108
2025-04-08,1,1.1,37,21,11,9468800.0,985286159.53,0.9518567567567565,0.6636,0.0,0.0,100.0,27.0,8.0,1.0377,96.71,-0.1077,209598272898.12003,-0.819
2025-04-09,1,1.1,27,22,10,7167260.0,692535178.4600002,1.0639074074074075,0.8652,1.0,0.0,96.3,19.0,4.0,1.0858,96.18,0.1121,210290808076.58,-0.08
2025-04-10,1,1.1,21,17,11,6518771.0,457214131.25999993,1.2562,1.0902,0.0,0.0,100.0,14.0,4.0,1.0861,97.43,0.1923,210748022207.84,1.189
2025-04-11,1,1.1,33,18,10,9533615.0,746193078.1499999,0.9375939393939395,0.9093,2.0,0.0,93.94,20.0,9.0,1.0886,97.21,-0.3186,211494215285.99,-0.913
2025-04-14,1,1.1,22,16,10,6312443.0,643703975.6999999,1.0375181818181818,0.7626,3.0,0.0,86.36,15.0,6.0,1.092,95.98,0.0999,212137919261.69,-0.254
2025-04-15,1,1.1,38,23,11,9361068.0,890016600.9599997,1.1259763157894738,0.97855,0.0,1.0,100.0,26.0,8.0,1.0618,95.98,0.0885,213027935862.65,0.33
2025-04-16,1,1.1,24,18,9,7468284.0,412267879.16,1.2851291666666667,1.026,1.0,0.0,95.83,13.0,8.0,1.094,96.06,0.1592,213440203741.81,1.38
2025-04-17,1,1.1,29,21,9,8400674.0,831088611.8299999,1.133620689655172,1.0953,0.0,0.0,100.0,22.0,7.0,1.12,96.06,-0.1515,214271292353.63998,0.38
2025-04-21,1,1.1,22,16,10,7595941.0,475384601.88000005,1.0435772727272725,0.96505,0.0,0.0,100.0,13.0,5.0,1.1171,96.59,-0.09,214746676955.52,-0.214
2025-04-22,1,1.1,24,15,10,6902199.0,716273202.7399999,0.9147916666666666,0.788,1.0,0.0,95.83,19.0,3.0,1.0683,95.99,-0.1288,215462950158.25998,-1.064
2025-04-23,1,1.1,29,21,10,10019166.0,736915091.8199998,1.1993000000000003,1.1563,1.0,0.0,96.55,19.0,8.0,1.1057,96.37,0.2845,216199865250.08,0.814
2025-04-24,1,1.1,28,19,11,7421336.0,810303243.0099999,0.7455892857142856,0.5906,0.0,0.0,100.0,20.0,6.0,1.064,98.32,-0.4537,217010168493.09,-2.18
2025-04-25,1,1.1,40,26,10,13049268.0,932634108.0999999,1.0948075,1.06325,0.0,0.0,100.0,26.0,10.0,1.0595,98.32,0.3492,217942802601.19,0.124
2025-04-28,1,1.1,33,18,11,9934593.0,908906517.5300001,1.1119363636363637,1.0338,2.0,0.0,93.94,24.0,6.0,1.0348,98.05,0.0171,218851709118.72,0.237
2025-04-29,1,1.1,33,21,11,7380926.0,948641720.6800003,0.817227272727273,0.5992,1.0,0.0,96.97,24.0,6.0,0.9896,97.61,-0.2947,219800350839.4,-1.707
2025-04-30,1,1.1,38,24,10,12640204.0,1057794143.8399997,1.1445973684210526,0.98585,1.0,0.0,97.37,28.0,5.0,1.004,97.24,0.3274,220858144983.24,0.453
2025-05-01,1,1.1,26,17,10,6150688.0,650955026.5200001,0.7856653846153845,0.64015,0.0,0.0,100.0,19.0,6.0,0.9856,97.83,-0.3589,221509100009.75998,-1.915
2025-05-02,1,1.1,25,15,11,9101176.0,633920920.4300001,1.0099519999999997,0.9788,0.0,0.0,100.0,21.0,4.0,0.9585,98.33,0.2243,222143020930.19,-0.436
2025-05-05,1,1.1,24,19,10,7177878.0,681109877.23,1.0706375,0.95155,1.0,0.0,95.83,17.0,6.0,1.005,97.73,0.0607,222824130807.42,-0.035
2025-05-06,1,1.1,22,17,9,6034586.0,596994831.96,0.9345818181818181,0.7716,0.0,0.0,100.0,15.0,5.0,0.9821,97.73,-0.1361,223421125639.38,-0.933
2025-05-07,1,1.1,26,19,11,7176454.0,527634739.98999995,0.9370653846153846,0.8159,1.0,0.0,96.15,15.0,9.0,0.9571,98.05,0.0025,223948760379.37,-0.917
2025-05-08,1,1.1,27,19,11,8314082.0,732552460.0400001,1.1749999999999998,1.0833,1.0,0.0,96.3,23.0,2.0,1.0082,97.95,0.2379,224681312839.41,0.653
2025-05-09,1,1.1,21,14,10,6326988.0,415158524.40000004,1.262904761904762,1.3745,1.0,0.0,95.24,15.0,6.0,1.0251,97.65,0.0879,225096471363.81,1.233
2025-05-12,1,1.1,32,20,11,7943642.0,814837209.2799997,0.9348531250000002,0.8854,0.0,0.0,100.0,24.0,4.0,1.0464,97.65,-0.3281,225911308573.09,-0.931
2025-05-13,1,1.1,23,15,10,7140247.0,623704281.3600001,1.101378260869565,0.99,2.0,0.0,91.3,15.0,8.0,1.0595,96.4,0.1665,226535012854.44998,0.167
2025-05-14,1,1.1,30,19,10,9259128.0,578655431.3400002,1.2572133333333335,1.3029,1.0,0.0,96.67,17.0,9.0,1.0861,96.52,0.1558,227113668285.78998,1.196
2025-05-15,1,1.1,23,18,10,6328773.0,525639828.56,1.2440826086956522,1.296,1.0,0.0,95.65,16.0,4.0,1.1304,95.9,-0.0131,227639308114.34998,1.109
2025-05-16,1,1.1,19,15,9,6180740.0,622579553.1,1.1994631578947368,1.3135,0.0,0.0,100.0,15.0,3.0,1.1678,96.45,-0.0446,228261887667.44998,0.815
2025-05-19,1,1.1,18,14,9,5881861.0,279347209.49999994,1.0940944444444443,0.9551000000000001,1.0,0.0,94.44,12.0,3.0,1.1563,96.19,-0.1054,228541234876.94998,0.119
2025-05-20,1,1.1,32,22,11,9239634.0,765281970.7200003,1.2794781250000002,1.1854,1.0,0.0,96.88,22.0,6.0,1.1587,96.42,0.1854,229306516847.66998,1.342
2025-05-21,1,1.1,25,16,10,6440860.0,602191115.11,1.084536,0.8723,0.0,0.0,100.0,22.0,2.0,1.18,96.42,-0.1949,229908707962.77997,0.056
2025-05-22,1,1.1,36,22,10,10067150.0,763846378.1199999,0.9804111111111111,0.9488000000000001,1.0,0.0,97.22,24.0,11.0,1.1628,97.27,-0.1041,230672554340.89996,-0.631
2025-05-23,1,1.1,38,21,10,11557797.0,854088491.0199999,0.9587710526315788,0.8224,1.0,0.0,97.37,26.0,8.0,1.1201,97.37,-0.0216,231526642831.91995,-0.773
2025-05-27,1,1.1,23,15,11,6875909.0,622600079.6799998,1.1199478260869566,0.9623,1.0,0.0,95.65,15.0,5.0,1.1024,97.37,0.1612,232149242911.6,0.29
2025-05-28,1,1.1,27,20,11,7157098.0,692352171.4500002,0.9778259259259259,0.8833,0.0,0.0,100.0,19.0,5.0,1.0707,97.37,-0.1421,232841595083.05002,-0.648
2025-05-29,1,1.1,24,17,10,5240459.0,547172093.22,1.0006374999999998,1.03265,0.0,0.0,100.0,18.0,2.0,1.0574,98.16,0.0228,233388767176.27002,-0.497
2025-05-30,1,1.1,29,19,11,7867384.0,732130737.1800002,1.1270172413793105,1.0432,0.0,0.0,100.0,23.0,6.0,1.0356,98.61,0.1264,234120897913.45,0.337
2025-06-02,1,1.1,30,21,10,9499469.0,836477220.7500002,1.2161133333333332,1.0953,0.0,0.0,100.0,21.0,5.0,1.0544,98.61,0.0891,234957375134.2,0.924
2025-06-03,1,1.1,36,22,11,9178798.0,954157093.4000001,0.9177833333333335,0.7517,0.0,0.0,100.0,27.0,7.0,1.0454,99.0,-0.2983,235911532227.6,-1.044
2025-06-04,1,1.1,26,19,9,6937567.0,655466865.14,1.2430576923076921,1.0716,0.0,0.0,100.0,17.0,7.0,1.0861,99.38,0.3253,236566999092.74002,1.102
2025-06-05,1,1.1,28,19,10,8444586.0,751678493.2000003,1.0902821428571425,0.7746,1.0,0.0,96.43,23.0,3.0,1.0818,99.49,-0.1528,237318677585.94003,0.094
2025-06-06,1,1.1,28,19,10,8519191.0,593945849.3700001,1.1183071428571432,0.99295,0.0,0.0,100.0,17.0,11.0,1.1019,99.49,0.028,237912623435.31003,0.279
2025-06-09,1,1.1,39,23,11,10680425.0,1032078519.1099998,1.0189769230769228,0.9469,1.0,0.0,97.44,28.0,8.0,1.1045,99.12,-0.0993,238944701954.42,-0.376
2025-06-10,1,1.1,26,16,11,6311537.0,594015988.0099999,1.0442038461538465,0.9444,0.0,0.0,100.0,18.0,7.0,1.0927,99.12,0.0252,239538717942.43002,-0.21
2025-06-11,1,1.1,23,19,11,7088487.0,621694949.5,0.9277217391304348,0.9549,0.0,0.0,100.0,16.0,5.0,1.0515,99.12,-0.1165,240160412891.93002,-0.978
2025-06-12,1,1.1,27,19,9,7698202.0,754590180.3299999,1.1898703703703701,1.1005,2.0,0.0,92.59,19.0,6.0,1.0903,98.07,0.2621,240915003072.26,0.751
2025-06-13,1,1.1,26,20,9,7479729.0,813740657.3,1.1334230769230769,0.7992999999999999,0.0,0.0,100.0,23.0,1.0,1.0747,98.07,-0.0564,241728743729.56,0.379
2025-06-16,1,1.1,22,16,10,4333610.0,719717659.1999999,1.0852772727272726,0.72855,0.0,0.0,100.0,17.0,4.0,1.074,98.58,-0.0481,242448461388.76,0.061
2025-06-17,1,1.1,24,19,10,7213441.0,658496326.72,0.9256916666666668,0.89595,0.0,0.0,100.0,17.0,6.0,1.0465,98.58,-0.1596,243106957715.48,-0.992
2025-06-18,1,1.1,31,21,11,8066336.0,854794691.6300001,1.136,0.9955,0.0,0.0,100.0,23.0,5.0,1.0632,98.94,0.2103,243961752407.11002,0.396
2025-06-20,1,1.1,39,24,11,12824096.0,1144677632.82,1.1055871794871797,1.0956,0.0,0.0,100.0,30.0,6.0,1.0719,98.94,-0.0304,245106430039.93002,0.195
2025-06-23,1,1.1,31,19,10,8991407.0,604165802.1699998,0.9527548387096774,0.7924,0.0,0.0,100.0,17.0,12.0,1.0755,98.94,-0.1528,245710595842.10004,-0.813
2025-06-24,1,1.1,36,24,11,9561781.0,970120623.4499999,1.1218055555555555,0.99255,0.0,0.0,100.0,28.0,7.0,1.0658,100.0,0.1691,246680716465.55005,0.302
2025-06-25,1,1.1,25,19,11,6892346.0,665210304.1600001,0.82222,0.7295,3.0,0.0,88.0,18.0,5.0,1.0213,98.29,-0.2996,247345926769.71005,-1.674
2025-06-26,1,1.1,25,18,9,9161829.0,709719691.42,1.1368840000000002,0.6803,0.0,0.0,100.0,19.0,3.0,1.0287,98.29,0.3147,248055646461.13007,0.402
2025-06-27,1,1.1,28,18,10,7773812.0,625742743.09,1.116164285714286,0.8691500000000001,1.0,0.0,96.43,19.0,2.0,1.0559,97.78,-0.0207,248681389204.22006,0.265
2025-06-30,1,1.1,30,21,10,8826242.0,619339435.57,1.206856666666667,1.0114999999999998,0.0,0.0,100.0,19.0,5.0,1.066,97.78,0.0907,249300728639.79007,0.863
